Scraped by,Name,URL,user_id,Bio(text),星座,Sex,following count,fans count,liked n collected,ip_location,tags(text),图文报价(RMB),图文报价有对号,红人健康等级,什么薯?,活跃粉丝占比(仅>1K),粉丝女性比例,(先不填)近180天粉丝增量,粉丝年龄<18,粉丝年龄18-24,粉丝年龄25-34,粉丝年龄35-44,粉丝年龄>44,兴趣标签,地域分布,笔记热词
Yucheng ,YSZ,https://www.xiaohongshu.com/user/profile/5a5bf1414eacab4087b808c7,5a5bf1414eacab4087b808c7,"分享生活
喜欢看演唱会
吃美食
旅游
不定时更新🤓🤠",,F,1835.0,857.0,727000,,美国,40,0.0,,泡泡薯,,90.91,,12.18,25.52,39.51,16.63,6.13,"1	美食	6.46%
2	时尚	5.48%
3	家居家装	5.45%
4	美妆	5.25%
5	素材	4.48%","1	广东	11.25%
2	江苏	7.51%
3	山东	6.95%
4	浙江	6.36%
5	河南	5.76%",
Yucheng,达拉斯吃货小分队队员,https://www.xiaohongshu.com/user/profile/5ee6752c000000000101dc73,5ee6752c000000000101dc73,虽然没吃饱时只有一个烦恼，吃饱了就有无数个烦恼。但谁肯饿着肚子呢。边聊边吃，走起！😋🍾️🥮🥟🥗🦪🍑🧄🥖🥨🥜🍻🍯🍱,天枰,F,30.0,4479.0,19000,,美国,170,0.0,,文化薯,39.92,88.29,,11.2,32.8,38.84,13.28,3.86,"1	美食	6.16%
2	时尚	4.66%
3	美妆	4.11%
4	出行	3.96%
5	素材	3.79%","1	广东	9.74%
2	江苏	6.32%
3	山东	5.75%
4	浙江	5.47%
5	河南	4.74%",海底捞新品、肩肉、Frisco、番茄、新品
Yucheng,Katrinalove,https://www.xiaohongshu.com/user/profile/57edc02550c4b47c9e876daf,57edc02550c4b47c9e876daf,"生活在美国十几年的中国人 （留学开始的） 喜欢拼图 乐高 分享购物和美食
wandonglovekatrina@gmail.com",,F,229.0,2481.0,77000,,美国,3000,1.0,优秀,金冠薯,58.99,65.37,,8.19,17.0,32.55,26.23,16.01,"1	生活记录	12.85%
2	娱乐	8.23%
3	美食	7.47%
4	影视	5.73%
5	时尚	5.03%","1	海外	15.88%
2	广东	12.96%
3	江苏	7.71%
4	浙江	7.54%
5	北京	7.23%","
dallas、生活、美国、dallas生活、haribo"
Yucheng,小fafa,https://www.xiaohongshu.com/user/profile/5c4be6f500000000100050c6,5c4be6f500000000100050c6,"📍TX🇺🇸
吃喝｜遛娃｜摄影｜旅行
旅行笔记已分类📁",,F,180.0,1731.0,30000,,"UnitedStates...
摄影博主",,0.0,,甜筒薯,48.11,89.8,,18.59,27.9,35.41,14.46,3，61,"1	美食	5.34%
2	时尚	4.46%
3	影视	3.66%
4	素材	3.52%
5	美妆	3.40%","1	广东	8.13%
2	江苏	7.08%
3	上海	5.23%
4	浙江	5.21%
5	山东	5.21%",
Yucheng,小猫,https://www.xiaohongshu.com/user/profile/5e1d86f90000000001006abc,5e1d86f90000000001006abc,哈尔滨➡️上海➡️休斯顿➡️明尼阿波利斯➡️西雅图➡️达拉斯,Virgo,F,322.0,1119.0,11000,,美国,50,0.0,,金冠薯,30.02,85.84,,16.98,23.11,29.49,18.4,11.99,"1	美食	7.17%
2	时尚	5.13%
3	家居家装	4.97%
4	影视	4.87%
5	娱乐	4.25%","1	广东	11.30%
2	江苏	7.54%
3	山东	6.67%
4	浙江	6.39%
5	河南	5.57%",
Yucheng,喵小碗,https://www.xiaohongshu.com/user/profile/556f1983f5a26347140b104b,556f1983f5a26347140b104b,"家有大喵和小喵 @铁锅炖pizza 👩🏻‍❤️‍👩🏻
Dalian✈️Michigan✈️Texas✈️Shanghai
卖飞专业户
不爱敲码的Trader不是好厨子
斜杠少女",,F,313.0,1117.0,14000,,美国达拉斯市,200,1.0,优秀,困困薯,,,,,,,,,,,
Yucheng,卿卿桑,https://www.xiaohongshu.com/user/profile/585dce396a6a69308e6d580d,585dce396a6a69308e6d580d,"北京人在🇺🇸🌟
老留子留美10年🌟
Major in 吃喝玩乐🌟",Scorpio,M,57.0,1106.0,5042,,美国,40,0.0,,,65.31,91.88,,64.38,25.8,4.43,3.38,1.99,"1美食        6.86%        
2美食探店        5.67%        
3纽约美食        1.97%        
4冬天去哪玩        1.48%        
5旅游出行        1.33%        
","1	山东	8.40%
2	河南	8.38%
3	广东	8.36%
4	江苏	7.18%
5	河北	5.45%",
Yucheng,Esther 星星 ✨,https://www.xiaohongshu.com/user/profile/621a0927000000001000f950,621a0927000000001000f950,"生而自由 爱而无畏
清醒知进退 酷而不失浪漫
我是ENFP快乐小狗🐶
Ig：estherxingxing01
谢谢你这么好看还关注我哦❤️",,F,907.0,993.0,14000,,美国,,0.0,,甜筒薯,,87.25,,39.62,29.04,17.33,9.43,4.56,"1	影视	5.95%
2	素材	5.70%
3	娱乐	5.22%
4	美食	4.83%
5	时尚	4.75%","1	广东	9.32%
2	山东	7.44%
3	江苏	6.59%
4	河南	6.13%
5	浙江	4.88%",
Yucheng,鱼鱼酱,https://www.xiaohongshu.com/user/profile/5a7b0ca44eacab082944e6e3,5a7b0ca44eacab082944e6e3,"👉🏻ENFP（E中I人P中J人版）
📝佛系分享记录| 有空看看演出
✨野生美食探索家 | 老kpop人
🐱🐶想撸遍全世界的猫猫狗狗",,F,98.0,858.0,43000,,"美国 27岁
美食博主",,,,,,,,,,,,,,,
Yucheng,变美变富的一枚CPA,https://www.xiaohongshu.com/user/profile/580c368650c4b44811e07ff8,580c368650c4b44811e07ff8,"172 的美国财务审计师
中国海洋大学985 本科—美国硕士SMU
分享 职场/美食/旅游/购物/日常
副业：宠物寄养，单卧出租，CPA考试辅导💭
人生主线：搞钱 💰是爱写东西的i人",,F,16.0,717.0,7055,,美国,,,,,,,,,,,,,,,
Yucheng,傻、孩孓👑,https://www.xiaohongshu.com/user/profile/5d01cb140000000017003df6,5d01cb140000000017003df6,"3033 W Parker rd 214
Plano , Tx 75023
East Wall Chinese Cuisine",,F,3746.0,668.0,1940,,美国,,,,,,,,,,,,,,,
Yucheng,苹果头在路上,https://www.xiaohongshu.com/user/profile/587623ba6a6a691cffba0875,587623ba6a6a691cffba0875,"｜35+ 会计打工人
｜喜爱跳舞/追剧/分享生活有用信息/偶尔健身/男宝妈",,F,99.0,573.0,5689,,美国,,,,,,,,,,,,,,,
Yucheng,温不温,https://www.xiaohongshu.com/user/profile/5deef4710000000001006a73,5deef4710000000001006a73,❌不喜勿入,,F,359.0,449.0,5385,,美国,,,,,,,,,,,,,,,
Yucheng,达拉斯美睫美甲培训,https://www.xiaohongshu.com/user/profile/651b72c60000000024016c70,651b72c60000000024016c70,"99 Beauty Salson &School 99美业执照培训学校
9300 John Hickman Pkwy #1203, Frisco, TX 75035",,F,1405.0,429.0,3787,,"美国得克萨斯
美甲师
美食博主",,,,,,,,,,,,,,,
Yucheng,大猪蹄子i,https://www.xiaohongshu.com/user/profile/5bcd24861193dc000127b483,5bcd24861193dc000127b483,"ENFJ ｜天津✈️芝加哥✈️达拉斯｜非单身
兴趣爱好广泛",,M,74.0,405.0,7136,,美国,10,,,泡泡薯,,91.88,,64.38,25.8,4.43,3.38,1.99,"1	素材	9.40%
2	影视	7.18%
3	娱乐	5.90%
4	人文	5.30%
5	兴趣爱好	4.85%","1	山东	8.40%
2	河南	8.38%
3	广东	8.36%
4	江苏	7.18%
5	河北	5.45%",
Yucheng,德州太太Hannah,https://www.xiaohongshu.com/user/profile/615b505c000000000201f7b8,615b505c000000000201f7b8,住在达拉斯的台湾太太♥️热爱手作、料理、居家布置😋家中有两只猫猫😼😸♥欢迎收听我的Podcast：「幸福餐桌」和「宝贝方舟说故事」,,F,78.0,364.0,2453,,美国,,,,,,,,,,,,,,,
Yucheng,步鹿在流浪,https://www.xiaohongshu.com/user/profile/576e5cc95e87e72f9801db4d,576e5cc95e87e72f9801db4d,"纽约 ▶️ 西雅图 ▶️ 湾区 ▶️ 达拉斯
平时钻研各种证书📖
没事出去吃吃喝喝🍔
业余房地产研究员🧐
家有逆子柴犬小蜜蜂",,F,426.0,243.0,3656,,美国,10,,,困困薯,,81.13,,11.86,31.82,36.43,13.89,5.97,"1	美食	7.78%
2	时尚	5.71%
3	影视	4.63%
4	家居家装	4.44%
5	美妆	4.42%","1	广东	11.57%
2	江苏	7.31%
3	山东	6.95%
4	浙江	6.13%
5	河南	5.65%",
Yucheng,小唇me蜜,https://www.xiaohongshu.com/user/profile/5dfd27da0000000001009aae,5dfd27da0000000001009aae,,,F,37.0,238.0,4920,,美国,,,,,,,,,,,,,,,
Yucheng,Shanghai22Spring,https://www.xiaohongshu.com/user/profile/5b6ca1b7e44bfa0001a013e6,5b6ca1b7e44bfa0001a013e6,"全职工作以外，也是我们家teenage girl 的妈妈/闺蜜/心灵导师
热爱：艺术，旅行，美食，料理，健身，养生",,F,217.0,236.0,2031,,美国,,,,,,,,,,,,,,,
Yucheng,奶盖队长,https://www.xiaohongshu.com/user/profile/5f3a3aa5000000000101e9ac,5f3a3aa5000000000101e9ac,吃好吃的，盘好看的,,F,496.0,231.0,16000,,美国TX,,,,,,,,,,,,,,,
Yucheng,Coco,https://www.xiaohongshu.com/user/profile/6613fa0f000000000303117f,6613fa0f000000000303117f,记录美国生活,,F,64.0,220.0,1342,,美国,,,,,,,,,,,,,,,
Yucheng,芝麻糊了吧,https://www.xiaohongshu.com/user/profile/57ffbca35e87e76f746d9a64,57ffbca35e87e76f746d9a64,👩🏻‍💻审计民工｜ISFJ,,F,37.0,217.0,7157,,美国,,,,,,,,,,,,,,,
Xinbo,liliannnn,https://www.xiaohongshu.com/user/profile/56580a5582718c1cd91ae353,56580a5582718c1cd91ae353,"👉🏻ENFP（E中I人P中J人版）
📝佛系分享记录| 有空看看演出
✨野生美食探索家 | 老kpop人
🐱🐶想撸遍全世界的猫猫狗狗",,F,112.0,6202.0,86000,,US,,,,,,,,,,,,,,,
Xinbo,Xena,https://www.xiaohongshu.com/user/profile/676f0595000000001801da5d,676f0595000000001801da5d,"🎮 🎨💪🏽📺📚🧠💄🐶🌵🥾♏️

Hi Everyone
Welcome to my world
From TikTok 💔",,F,200.0,4534.0,100000,,US,,,,,,,,,,,,,,,
Xinbo,潘子屋,https://www.xiaohongshu.com/user/profile/5eae58c50000000001006b68,5eae58c50000000001006b68,"🙋‍♀️现居LA🇺🇸 的清华学姐
🥰热爱下厨 享受半退休状态
希望陪你一起过好生活的每一天！",,F,401.0,4202.0,96000,,US,170,0.0,,,76.81,81,,2.79,15.7,45.79,23.6,12.1,"1	美食	13.30%
2	生活记录	9.90%
3	娱乐	8.60%
4	时尚	6.60%
5	家居家装	5.70%","1	海外	43.60%
2	广东	8.90%
3	北京	5.79%
4	上海	4.60%
5	江苏	4.40%",
Xinbo,陈年黑馒头,https://www.xiaohongshu.com/user/profile/60e859f1000000000100b675,60e859f1000000000100b675,📷🥑🏝️👨🏻‍⚕️🇺🇸UT Southwestern➡️Stanford Medicine,,M,209.0,1570.0,3040,,,50,70.0,,,52.04%,,,,,,,,,,
Xinbo,北极熊的美国生活笔记,https://www.xiaohongshu.com/user/profile/6303b99d0000000012001f58,6303b99d0000000012001f58,"🇺🇸17年
🏠 南京 ❄️波士顿 🌧️西雅图 🌞达拉斯
你的北美生活博主
摄影+旅游👉@我是邻居家的猫
私信不看请见谅❤️",,,49.0,1479.0,28000,,US,,,,,,,,,,,,,,,
Xinbo,你的TX朋友圈,https://www.xiaohongshu.com/user/profile/5f1880d8000000000101d503,5f1880d8000000000101d503,"🇺🇸TX小红🍠们，定期播报吃喝玩乐、一手探店讯息、餐馆测评、用餐指南！❤️
很高兴成为你的TX朋友圈☺️",,F,17.0,1295.0,7172,,US,,,,,,,,,,,,,,,
Xinbo,美村花姐MOMO,https://www.xiaohongshu.com/user/profile/6173187600000000020257ee,6173187600000000020257ee,"姐另一个平台名字一样💜🩷💙
去过8个国家，中国29个省，美国31个州👑
Don’t mess with Texas ☝️
活在缘分里，而不是关系里 🫶🏻✨",,F,55.0,1077.0,3024,,US,,,,,,,,,,,,,,,
Xinbo,你楠朋友,https://www.xiaohongshu.com/user/profile/569e959daed75837b030abb6,569e959daed75837b030abb6,"赤道的边境万里无云 天很清
旅行｜探店｜美食
📍上海🔁达拉斯",,F,211.0,727.0,20000,,US,,,,,,,,,,,,,,,
Xinbo,小水瓶莉莉,https://www.xiaohongshu.com/user/profile/5eef790e0000000001002090,5eef790e0000000001002090,"🇬🇧UoE➡️🇩🇪家电➡️🇺🇸建材
🌍携程签约旅行家 花筑特邀体验官
长白山万达度假区雪季体验官
巴黎联合国总部演讲人
分享生活有问必答💗SunLily0000",,F,184.0,714.0,11000,,US,,,,,,,,,,,,,,,
Xinbo,撸铁菜鸟进阶记,https://www.xiaohongshu.com/user/profile/6258abf30000000021022dab,6258abf30000000021022dab,"美国打工人日常
健身旅行不鸡娃，美食美景撸铁妈
从小讨厌运动的我因为娃太小，我太老，终于在40+开始“动”了，超高龄+超低起点🥺 为70岁的露脐装，80岁的环球旅行，90岁的最纯美爱情而努力💪😎",,F,100.0,670.0,10000,,US,,,,,,,,,,,,,,,
Xinbo,Ayomelon,https://www.xiaohongshu.com/user/profile/55764c7fc2bdeb6b9fc056c1,55764c7fc2bdeb6b9fc056c1,"📍二孩宝妈一枚😎
❤️拥有两个宝贝：🐭哥🐯妹
✏️偶然打开小红书的分享欲大门
🧸很开心姐妹们喜欢这些分享",,F,98.0,609.0,8547,,US,,,,,,,,,,,,,,,
Xinbo,倚砳是好吃包,https://www.xiaohongshu.com/user/profile/5b7ba8c2e6c06200012a5977,5b7ba8c2e6c06200012a5977,"背包客，旅行产品工作，攻略达人
分享我在世界各地 吃过/见过的美食",,F,43.0,468.0,5069,,,,,,,,,,,,,,,,,
Xinbo,AAAAAlbert,https://www.xiaohongshu.com/user/profile/5d236c2400000000110291ba,,Texan/Engineer/Home Improvement/Road Trip Fan,,M,146.0,456.0,3857,,US,,,,,,,,,,,,,,,
Xinbo,Texas达村德州JC,https://www.xiaohongshu.com/user/profile/63288a0200000000230275fd,63288a0200000000230275fd,"Speak Texan, Cantonese, Mandarin
愛上德州Texas!
愛上達村Dallas!",,M,106.0,454.0,2699,,US,,,,,,,,,,,,,,,
Xinbo,朵拉在美国啊,https://www.xiaohongshu.com/user/profile/5de722fd000000000100b95e,5de722fd000000000100b95e,"🍗美食｜🛒羊毛｜🇺🇸生活 ｜旅游
美食挖掘机，种草🆚拔草日记，北美生活指南，旅游攻略，羊毛🦙计算家
📍Texas",,F,474.0,442.0,5512,,US,,,,,,,,,,,,,,,
Xinbo,meow-,https://www.xiaohongshu.com/user/profile/57a142546a6a695a454d664e,57a142546a6a695a454d664e,心上不长草 诗酒趁年华,,F,257.0,427.0,11k,,US,10,20.0,,,,78.45%,,20.45,24.34,31.9,16.08,7.21,"1	美食	6.14%
2	时尚	5.53%
3	影视	5.17%
4	娱乐	4.27%
5	素材	4.25%","1	广东	11.12%
2	江苏	7.59%
3	山东	6.84%
4	浙江	6.44%
5	上海	5.75%",
Xinbo,JoanneJJJ,https://www.xiaohongshu.com/user/profile/6104251600000000010052ab,6104251600000000010052ab,"👩🏻‍💻四大 · CPA
要开心·要洒脱·要爱自己·要好好吃饭·要好好睡觉
ig: baobao_jjj",,F,48.0,402.0,2373,,US,,,,,,,,,,,,,,,
Xinbo,Fun Life Club,https://www.xiaohongshu.com/user/profile/6110a0940000000001002eec,6110a0940000000001002eec,"来美十年 电商/数字化营销/商业智能
分享旅行、日常、成长、思考",,F,159.0,311.0,4141,,US,,,,,,,,,,,,,,,
Xiaohan,黑胡椒点点,https://www.xiaohongshu.com/user/profile/61476c9f0000000002020845,61476c9f0000000002020845,"📍常驻休斯顿/奥斯汀的咨询打工人
🍣美食探店｜🏄‍♀️旅游攻略
以及打工人偶尔发疯的日常
📍HOU/ATX Based Consultant
Howdy! 🤘👋",,F,27.0,1123.0,49k,,US,10,0.0,,金冠薯,73.58,76.43,,20.97,27.22,25.1,16.35,10.33,"1        影视        4.51%
2        美食        4.50%
3        时尚        3.82%
4        娱乐        3.75%
5        兴趣爱好        3.04%","1        广东        8.31%
2        江苏        5.77%
3        山东        5.26%
4        浙江        4.41%
5        河南        4.04%",
Xiaohan,久久Anita_Ta,https://www.xiaohongshu.com/user/profile/589f2a696a6a69228d063c80,589f2a696a6a69228d063c80,"📍波士顿、达拉斯、纽约
～～ 分享美好生活 ～～
探店｜旅游｜穿搭｜留学
⊹🤍 *✩‧₊˚𝙳𝚊𝚒𝚕𝚢 𝚙𝚑𝚘𝚝𝚘𝚜˚₊‧✩*🤍₊⁺",,F,417.0,4478.0,18k,,US,10,0.0,,,67.11,86.85,,15.14,31.74,34.84,13.24,5.02,"1	美食	6.50%
2	时尚	5.09%
3	素材	4.28%
4	出行	4.18%
5	影视	4.03%","1	广东	10.37%
2	江苏	7.25%
3	山东	6.13%
4	浙江	5.92%
5	河南	5.14%",
Xiaohan,绿野仙踪Girlpower221,https://www.xiaohongshu.com/user/profile/5cf3d4cd00000000100324a0,5cf3d4cd00000000100324a0,坐标美国德州，拥有自己的农场，偶尔做做私厨，努力做达拉斯周边Farm To Table中餐第一人！在这里跟大家分享生活，分享美食。有问题找分号@Fresh Mojo Farms,,F,921.0,8915.0,71000,,UnitedStates,238,1.0,优秀,金冠薯,73.23,86.27,,13.52,21.04,34.85,18.96,11.61,"1        美食        10.07%
2        时尚        4.68%
3        影视        4.53%
4        家居家装        4.42%
5        兴趣爱好        4.10%","1        广东        10.83%
2        江苏        7.51%
3        山东        7.03%
4        浙江        6.00%
5        河南        5.98%",
Xiaohan,Dallas Miranda,https://www.xiaohongshu.com/user/profile/67865b1a000000000803eeb0,67865b1a000000000803eeb0,Ig & YT: dallasmirandaklein Over 400k friends on TikTok and refugee,,F,3.0,7252.0,24000,,,找不到,,,,,,,,,,,,,,
Xiaohan,薯条是本命,https://www.xiaohongshu.com/user/profile/595b8e775e87e737755bf1bd,595b8e775e87e737755bf1bd,𝙀𝙣𝙟𝙤𝙮 𝙡𝙞𝙛𝙚 ʚ🧸ྀིɞ 📍Dallas 🦋ig: yvonneyifanhe 📮 yvonneyifanhe@gmail.com,,F,439.0,6359.0,71036,,"26岁, UnitedStates, vlog博主, 罗彻斯特大学",0,1.0,初级达人,金冠薯,49.83,94.3,,9.8,44.29,38.6,5.1,2.2,"1        时尚        10.30%
2        美食        9.50%
3        娱乐        9.20%
4        生活记录        8.50%
5        美妆        7.30%","1        广东        13.60%
2        海外        13.50%
3        江苏        6.80%
4        浙江        6.80%
5        上海        6.60%",Analytics、人求、出门、王者、相关
Xiaohan,向向同学Xsingnana😽,https://www.xiaohongshu.com/user/profile/617961470000000002027fea,617961470000000002027fea,爱吃爱玩的旅行家 | 永远步履不停地在成长 She’s forever evolving 记录那些让我成为「我」的瞬间 📍长沙➡️NYC➡️DFW ig: Xsingna,,F,1010.0,5487.0,147344,,美国NY,130,0.0,初级达人,铜冠薯,61.18,83.7,,42.93,22.07,14.29,12.26,8.42,"1	影视	7.20%
2	美食	5.78%
3	素材	5.47%
4	娱乐	5.18%
5	生活记录	4.88%","1        广东        9.81%
2        山东        7.66%
3        江苏        7.33%
4        河南        6.36%
5        河北        5.30%",发现、views、外表、开飞机第一视角、姿势
Xiaohan,Hereisivy,https://www.xiaohongshu.com/user/profile/55f2f7e3f5a2635bd2fac7b5,55f2f7e3f5a2635bd2fac7b5,💕记录生活💓ESFJ 🧳有趣的灵魂永远在路上 旅游/穿搭/Vlog/留学,Taurus,F,74.0,5445.0,64573,,UnitedStates,750,1.0,优秀,文化薯,75.24,49.79,,2.99,34.11,39.87,16.47,6.53,"1        生活记录        15.24%
2        时尚        10.61%
3        旅游        9.37%
4        娱乐        7.96%
5        美食        7.65%","1        海外        30.51%
2        广东        12.80%
3        北京        6.10%
4        上海        5.33%
5        江苏        5.11%",
Xiaohan,握瑾怀瑜,https://www.xiaohongshu.com/user/profile/5f5119d80000000001003189,5f5119d80000000001003189,在美国生活十几年| 吃喝玩乐+折扣分享｜传播中华文化 汉服世界旅行｜分享双语教育,,F,265.0,5284.0,67920,,"美国TX, 探店博主, 旅行博主",500,0.0,,,58.74,79.59,,22.11,21.13,32.35,17.93,6.45,"1	生活记录	9.36%
2	美食	7.90%
3	娱乐	7.81%
4	影视	6.69%
5	时尚	5.33%","1	海外	21.52%
2	江苏	10.57%
3	广东	9.79%
4	山东	4.88%
5	浙江	4.51%",美国、美国生活、好吃、还有、感觉
Xiaohan,胡桃夹子与小熊,https://www.xiaohongshu.com/user/profile/593a946750c4b410410c3805,593a946750c4b410410c3805,🇨🇳青岛🇺🇸 费城👩🏻‍🎓达拉斯🏘 生物医学攻城🧠 🎻巴赫爱好者🎹游泳菜蛙🐸徒步萌新🧗 达村日常、房产笔记均已分类,,F,141.0,2954.0,27765,,美国,130,0.0,,文化薯,43.65,91.1,,8.12,26.71,42.98,18.38,3.78,"1        美食        3.21%
2        时尚        2.81%
3        美妆        2.67%
4        出行        2.55%
5        家居家装        2.38%","1        广东        6.11%
2        江苏        4.03%
3        浙江        3.82%
4        山东        3.22%
5        河南        2.57%",
Xiaohan,💡刘老师,https://www.xiaohongshu.com/user/profile/5b67b542a559a50001e1ff09,5b67b542a559a50001e1ff09,德州房产经纪人Broker🏠 DISD 高中化学物理老师 TX Esthetician TX证婚人 爱考证❤️爱猫猫❤️爱脱口秀,Sagittarius,F,1931.0,2169.0,13198,,巴巴多斯,找不到,,,,,,,,,,,,,,
Xiaohan,Amy在达拉斯,https://www.xiaohongshu.com/user/profile/5f5888a8000000000101e50d,5f5888a8000000000101e50d,🌞达拉斯生活&达拉斯溜娃分享🌞 🎓达拉斯公/私校/学区/分析分享🎓 🏫美国Think Academy 老师🏫 💗关注我 一起做更好的家长💗,,F,47.0,1957.0,10429,,,80,0.0,,文化薯,29.02,82.44,,16.61,25.13,32.43,18.39,7.41,"1        美食        4.71%
2        时尚        4.14%
3        素材        3.54%
4        影视        3.44%
5        教育        3.42%","1        广东        8.62%
2        江苏        5.78%
3        山东        5.31%
4        浙江        4.75%
5        河南        4.43%",
Xiaohan,晴晴安,https://www.xiaohongshu.com/user/profile/55481451b203d97e86008c02,55481451b203d97e86008c02,📍北京制造 定居达拉斯 🗂《达拉斯约会宝典》💯家餐厅✅达成 🎓MS Business Analytics 👩🏻‍💻500强数据产品负责人 🐈有只橘猫叫Kitters,,F,1049.0,1956.0,17769,,"美国, 探店博主",180,1.0,1,文化薯,44.49,66.46,52.0,2.88,11.63,44.41,24.71,16.34,"1        美食        12.41%
2        生活记录        11.73%
3        娱乐        10.29%
4        影视        5.91%
5        时尚        5.59%","1        海外        68.70%
2        广东        4.21%
3        辽宁        3.27%
4        北京        3.14%
5        上海        2.07%",
Xiaohan,Snow-八分之一 冰山,https://www.xiaohongshu.com/user/profile/5a74dca911be1032569e20df,5a74dca911be1032569e20df,咖啡店主不当店主之后 在做什么… 在读 M.S. in Management Science ｜Entrepreneurship program 在健身，打球pickleball，旅行，探店..,Scorpio,F,308.0,1866.0,6899,,美国,40,0.0,,甜筒薯,46.26,88.71,,25.7,28.2,28.51,12.31,5.26,"1        美食        8.17%
2        影视        5.61%
3        素材        5.03%
4        时尚        4.83%
5        兴趣爱好        4.83%","1        广东        10.66%
2        山东        7.81%
3        江苏        7.32%
4        河南        6.47%
5        浙江        5.75%",
Xiaohan,tyooo,https://www.xiaohongshu.com/user/profile/5a6ada44db2e6012444e4a39,5a6ada44db2e6012444e4a39,坐标Dallas TX 努力生活中……,,M,113.0,1822.0,47000,,,10,0.0,,困困薯,88.99,80.07,,36.32,29.23,19.59,10.6,4.23,"1        影视        5.79%
2        美食        4.50%
3        娱乐        4.44%
4        时尚        4.32%
5        素材        3.77%","1        广东        7.17%
2        山东        6.00%
3        江苏        4.85%
4        河南        4.81%
5        河北        3.87%",
Xiaohan,摄影师Judy📷,https://www.xiaohongshu.com/user/profile/5aa0cade11be1046ae887e60,5aa0cade11be1046ae887e60,情绪价值拉满的独立女摄 佛系更新的ENFJ｜约拍看这➡️ 个人写真/情侣/领证/亲子/婚礼…,,F,68.0,1770.0,17532,,"摄影师, 摄影博主",300,1.0,1,泡泡薯,43.96,76.4,,3.6,24.11,49.38,13.55,9.33,"1        美食        9.95%
2        生活记录        9.03%
3        娱乐        8.45%
4        时尚        8.20%
5        美妆        6.10%","1        海外        29.25%
2        浙江        11.74%
3        福建        7.56%
4        四川        6.98%
5        广东        5.33%",
Xiaohan,干饭阿丸,https://www.xiaohongshu.com/user/profile/5530f8642e1d9365fa9a29fb,5530f8642e1d9365fa9a29fb,记录吃吃吃的快乐生活🥰 不知道吃什么的时候就翻一翻笔记📕 菜品图均为苹果原相机无滤镜📷 正宗中国胃 重口味爱好者🥘 合集在收藏夹～谢谢喜欢😘,Aries,F,116.0,1611.0,23000,,"UnitedStates, 美食博主",60,0.0,,文化薯,47.76,83.5,,19.54,30.43,33.66,11.74,4.62,"1        美食        6.66%
2        影视        5.05%
3        时尚        5.02%
4        素材        4.88%
5        出行        3.98%","1        广东        10.72%
2        江苏        7.70%
3        山东        6.63%
4        浙江        6.08%
5        河南        5.64%",
Xiaohan,青年退堂鼓演奏家,https://www.xiaohongshu.com/user/profile/5bd47767f16b990001e1072b,5bd47767f16b990001e1072b,M.S in Business Analytics. 音乐人➡️数据分析 音乐🎼美食🍜生活🚗,,F,165.0,1607.0,16800,,,200,1.0,1,银冠薯,44.65,76.53,,4.91,24.43,42.17,19.75,8.7,"1        生活记录        11.03%
2        娱乐        10.13%
3        美食        9.12%
4        时尚        6.76%
5        影视        5.82%","1        海外        34.53%
2        广东        10.98%
3        江苏        5.92%
4        上海        5.92%
5        北京        5.13%",
Xiaohan,弹力小笼包,https://www.xiaohongshu.com/user/profile/5994315250c4b44ce63f0df6,5994315250c4b44ce63f0df6,杭州|PSU|Cornell➡️Dallas 00.06.12 INFJ 🎵🍽️📷🖤,Gemini,F,307.0,1576.0,9942,,"美国TX, 康奈尔大学",50,0.0,优秀,泡泡薯,47.34,76.21,,1.94,22.57,50.56,19.33,5.58,"1        生活记录        16.70%
2        美食        9.06%
3        时尚        8.39%
4        旅游        7.74%
5        娱乐        6.10%","1        海外        66.82%
2        广东        7.42%
3        上海        2.92%
4        浙江        2.65%
5        江苏        2.45%",
Xiaohan,九公子。,https://www.xiaohongshu.com/user/profile/5d72c2a60000000001019168,5d72c2a60000000001019168,📍达拉斯 📍西雅图 金牛座｜INTJ-A｜人活一辈子就想吃点好吃的 啥都想尝尝，啥都想试试 规则边缘内打破局限,Taurus ,F,51.0,1011.0,4683,,,40,0.0,,泡泡薯,,,,,,,,,,,
Xiaohan,木兮Muya,https://www.xiaohongshu.com/user/profile/59417dd15e87e7122b80b498,59417dd15e87e7122b80b498,UW-Madison 21届美少女😆 美国注册会计师 CPA✌️ 现在Dallas🥳 喜欢road-trip喜欢吃喝玩 📬563412vicky@gmail.com,Sagittarius,F,119.0,935.0,5282,,,10,0.0,,泡泡薯,,82.24,73.0,26.21,21.83,24.79,16.39,10.76,"1        美食        7.22%
2        影视        5.40%
3        时尚        4.42%
4        娱乐        4.22%
5        素材        4.08%","1        广东        9.92%
2        山东        6.84%
3        江苏        6.72%
4        河南        5.54%
5        浙江        5.14%",
Xiaohan,行走达拉斯的張姑娘🎈,https://www.xiaohongshu.com/user/profile/5afe57874eacab6bff64b75b,5afe57874eacab6bff64b75b,定居DFW九年 资深老达拉斯一枚 吃吃喝喝玩玩乐乐~,,F,330.0,916.0,5382,,美国,40,0.0,,甜筒薯,,85.24,,16.49,25.42,32.98,17.12,7.96,"1        美食        6.98%
2        时尚        5.62%
3        家居家装        5.01%
4        影视        4.64%
5        美妆        4.18%","1        广东        11.03%
2        江苏        7.60%
3        山东        6.93%
4        浙江        6.49%
5        上海        5.72%",
Xiaohan,似那山水似星辰,https://www.xiaohongshu.com/user/profile/558a4a065894460336de85bf,558a4a065894460336de85bf,梦想是世界各地旅居，目前在美留学。要吃好吃的，没法穷游。 喜欢文物和博物馆，爱写又臭又长的游记。 两人对酌山花开，我与诸君俱发财。 万里归来年愈少，千金散尽还复来。 claregogo@163.com,,F,440.0,903.0,51307,,旅行博主,,,,,,,,,,,,,,,
Xiaohan,闲不住的黄姨,https://www.xiaohongshu.com/user/profile/5859b26f6a6a6967855d7c65,5859b26f6a6a6967855d7c65,🇺🇸不知道为啥被身边小伙伴叫黄姨，黄姨就黄姨吧～有只长毛橘叫小满 🍐ENFJ 170cm 60kg 🎼Part-time event planner 👩🏻分享生活|美食|旅行|旗袍,Gemini,F,190.0,884.0,12000,,"美国, 旅行博主",30,0.0,,泡泡薯,,86.98,,23.69,25.65,28.53,14.64,7.47,"1        美食        6.12%
2        时尚        5.17%
3        影视        5.00%
4        素材        4.82%
5        娱乐        4.18%","1        广东        10.70%
2        江苏        7.54%
3        山东        6.82%
4        浙江        6.16%
5        上海        5.88%",
Xiaohan,淘🐱喵,https://www.xiaohongshu.com/user/profile/5c64384000000000110164ad,5c64384000000000110164ad,记录达拉斯日常,,F,97.0,777.0,4640,,,30,0.0,,泡泡薯,,84.12,,25.14,24.46,25.83,15.97,8.58,"1        美食        5.85%
2        影视        4.88%
3        素材        4.40%
4        时尚        4.34%
5        娱乐        4.14%","1        广东        9.66%
2        山东        6.65%
3        江苏        6.49%
4        河南        5.56%
5        浙江        4.99%",
Xiaohan,Charlotte小盆友,https://www.xiaohongshu.com/user/profile/57fdaead82ec3961690f6b93,57fdaead82ec3961690f6b93,"Foodie🍰 Workout💪 Frenchie🐶 ❤️很多有趣的事物 Dallas, TX",,F,1381.0,727.0,11000,,UnitedStates,,,,,,,,,,,,,,,
Xiaohan,A+女神,https://www.xiaohongshu.com/user/profile/591cf96250c4b428b4eff077,591cf96250c4b428b4eff077,- 一个超级爱吃爱探店爱分享的户外运动‍爱好者。 - 致力于发掘周边和旅途中的各种美食美景 - 笔记都有整理，请配合收藏夹食用。,,F,483.0,726.0,9737,,UnitedStates,,,,,,,,,,,,,,,
Xiaohan,杜松混合茉莉的风,https://www.xiaohongshu.com/user/profile/5ec7a678000000000100322e,5ec7a678000000000100322e,美妆：非专业认真研究人士。 美食：愿尝遍天下美食+爱做饭贤妻。 健身：七年+160cm+48kg+19% 学习：中专生一路打怪升级到在美国读本科。 交友：喜欢结交不装逼不做作真实有趣的友-ENTJ人,,F,413.0,705.0,8335,,美国,,,,,,,,,,,,,,,
Xiaohan,杰弗瑞达拉斯JeffreyDallas,https://www.xiaohongshu.com/user/profile/67845b1b000000000801f5d8,67845b1b000000000801f5d8,抖音难民 感谢您的盛情款待 GenX TikTok Refugee,,M,2605.0,667.0,5554,,UnitedStates,,,,,,,,,,,,,,,
Xiaohan,REEWERT,https://www.xiaohongshu.com/user/profile/57f5f8b06a6a6963e65ffc89,57f5f8b06a6a6963e65ffc89,"德州🇺🇸 | JHUer DC🇺🇸 |北京🇨🇳
ESTJ | 双子 | 美食旅游探店小能手🧚‍♀️
Risk打工🐶 Pilates 教练🧘🏻‍♀️
ig：reewert526",Gemini,F,739.0,665.0,9668,,"美国TX, 美食博主, 旅行博主, 约翰霍普金斯大学",,,,,,,,,,,,,,,
Xiaohan,Peach is yummy,https://www.xiaohongshu.com/user/profile/5cf39f8e000000001701f516,5cf39f8e000000001701f516,北美达拉斯吃喝玩乐小博主 ❤️：三坑：汉服，洛丽塔，jk ❤️：美食，旅游，海边，大自然，🐱,Scorpio,F,803.0,626.0,4620,,"美国得克萨斯, 探店博主",,,,,,,,,,,,,,,
Xiaohan,AAAbby,https://www.xiaohongshu.com/user/profile/5f8e26de000000000101de15,5f8e26de000000000101de15,Love never fails. 带证上岗的无名老师,,F,171.0,598.0,4544,,,,,,,,,,,,,,,,,
Xiaohan,达拉斯赵德柱,https://www.xiaohongshu.com/user/profile/5b6a0b58c207e50001f9124d,5b6a0b58c207e50001f9124d,美国第一流量汗,,M,2842.0,591.0,5561,,"35岁, 美国",,,,,,,,,,,,,,,
Xiaohan,银河战舰,https://www.xiaohongshu.com/user/profile/5fdc406c000000000100ad2e,5fdc406c000000000100ad2e,喜欢车，但是不是专业的，业余爱好者，带你们看美国新车二手车市场价格，喜欢的人加关注交个朋友吧！,Cancer,M,221.0,582.0,8191,,美国,,,,,,,,,,,,,,,
Xiaohan,榴莲会飞,https://www.xiaohongshu.com/user/profile/604fd7a70000000001007a46,604fd7a70000000001007a46,,,F,454.0,561.0,1722,,,,,,,,,,,,,,,,,
Xiaohan,嘟嘟嘟,https://www.xiaohongshu.com/user/profile/56b2e6dae4251d7f46ab14e3,56b2e6dae4251d7f46ab14e3,工程师一枚。日常穿搭，护肤美妆，家居厨卫，都很感兴趣～,Taurus,F,440.0,545.0,9493,,美国,,,,,,,,,,,,,,,
Xiaohan,Summer小兔几,https://www.xiaohongshu.com/user/profile/5aa1bb384eacab56033470ce,5aa1bb384eacab56033470ce,心血来潮更新一次的懒懒薯～,Pisces,F,502.0,544.0,11817,,美国,,,,,,,,,,,,,,,
Xiaohan,杨小悬,https://www.xiaohongshu.com/user/profile/5b778c2d5b95340001d6de60,5b778c2d5b95340001d6de60,白羊INFP-A 欢迎来到我的朋友圈,,F,827.0,507.0,8932,,"27岁, 美国, 南卫理公会大学",,,,,,,,,,,,,,,
Xiaohan,Mrs Girl,https://www.xiaohongshu.com/user/profile/625cc665000000001000e71f,625cc665000000001000e71f,,,F,2791.0,500.0,3965,,,,,,,,,,,,,,,,,
Xiaohan,香蕉国大王,https://www.xiaohongshu.com/user/profile/568b2f486a6a6962f22d07ba,568b2f486a6a6962f22d07ba,钢琴博士在读 大福🐱 元宝🐶 上课请私信🎹📩,Taurus,F,936.0,431.0,2356,,美国,,,,,,,,,,,,,,,
Xiaohan,亚瑟在达拉斯,https://www.xiaohongshu.com/user/profile/6349a37f000000001802bbed,6349a37f000000001802bbed,🇺🇸旅美12年，95后东北人在达拉斯 TikTok创业中💪 相信【相信】的力量👊,,M,14.0,430.0,2844,,美国TX,,,,,,,,,,,,,,,
Xiaohan,微笑微笑,https://www.xiaohongshu.com/user/profile/613f2b6a000000000201f3ba,613f2b6a000000000201f3ba,这个人非常有毛病,,F,18.0,425.0,1894,,美国TX,,,,,,,,,,,,,,,
Xiaohan,Momo我来助你,https://www.xiaohongshu.com/user/profile/627d9846000000002102336f,627d9846000000002102336f,还没有简介,,M,1198.0,415.0,13000,,,,,,,,,,,,,,,,,
Xiaohan,人生励志当肥宅,https://www.xiaohongshu.com/user/profile/5ab3172c11be105422211c84,5ab3172c11be105422211c84,,,F,139.0,394.0,5337,,"UnitedStates, 建筑工人",,,,,,,,,,,,,,,
Xiaohan,Rosemary🍓,https://www.xiaohongshu.com/user/profile/5cfc717b000000000501b4de,5cfc717b000000000501b4de,愿世界和平,,F,395.0,370.0,3390,,,,,,,,,,,,,,,,,
Xiaohan,小李多喝水,https://www.xiaohongshu.com/user/profile/5d6c539f000000000101bbfd,5d6c539f000000000101bbfd,🌟不定时分享吃喝玩乐🐭,,F,152.0,342.0,3280,,,,,,,,,,,,,,,,,
Xiaohan,童真,https://www.xiaohongshu.com/user/profile/5df4c6bb000000000100b24b,5df4c6bb000000000100b24b,中美情侶🇨🇳🇺🇸@Raphael 异国恋不易，且行且珍惜。,,F,189.0,341.0,1069,,,,,,,,,,,,,,,,,
Xiaohan,西瓜lyxxx,https://www.xiaohongshu.com/user/profile/5aa34d334eacab095adb82e3,5aa34d334eacab095adb82e3,｜反内耗反焦虑联盟副主席（正的等你来）｜爱吃爱玩委员会成员｜哈哈哈哈怪｜ “自己”就是你生命中最棒的意义 Always keep the faith,,,66.0,330.0,9762,,,,,,,,,,,,,,,,,
Xiaohan,Hot girl,https://www.xiaohongshu.com/user/profile/5bf0eea1da9ae10001cfd0a1,5bf0eea1da9ae10001cfd0a1,🫵,,F,199.0,277.0,5984,,,,,,,,,,,,,,,,,
Xiaohan,Styleindallas,https://www.xiaohongshu.com/user/profile/6785e363000000000801d306,6785e363000000000801d306,"Fashion, beauty , aesthetic 📸 Married 💍 Insta/tt: styleindallasss",,F,32.0,246.0,6633,,UnitedStates,,,,,,,,,,,,,,,
Ning,间歇减肥的吃货柳🤪,https://www.xiaohongshu.com/user/profile/5a700b5de8ac2b38e1053423,5a700b5de8ac2b38e1053423,"📍🇺🇸Dallas
🧡地平线房顶工程公司
⬆️房顶服务范围：达拉斯·奥斯汀·休斯顿
🤪被干房顶工程耽误的探店吃货、旅行博主
🎞️66传媒 🦙小农场66 Ranch 🧘‍♀️佛系回复",,女,665.0,2454.0,14868,美国,['处女座' '美国' '旅行博主'],,,,,,,,,,,,,,,
Ning,RAINA,https://www.xiaohongshu.com/user/profile/5f03c93d000000000100466e?xsec_token=AB0NWQUG2qy5nRPLhAA6RdW7DMes4l4Yss0Zng-57E-bU=&xsec_source=pc_search,5f03c93d000000000100466e,"美妆护肤｜日常v l o g｜育儿｜探店｜旅游
励志让每个关注我的女孩变得更漂亮更开心！
📍达拉斯美国  江苏
💗好物种草
💗家有一个女娃滑板",,女,2013.0,2054.0,15093,美国,['金牛座' 'UnitedStates' '物流从业者'],,,,,,,,,,,,,,,
Ning,达拉斯幸福家Hannah,https://www.xiaohongshu.com/user/profile/62f0659d000000001f015932?xsec_token=AB6WjQv3r3YYTmivesudVEv9CyBnN2_78_Xq37y65jcEU=&xsec_source=pc_search,62f0659d000000001f015932,HannahRealtor,,,276.0,1875.0,6475,美国,['UnitedStates' '家居博主'],,,,,,,,,,,,,,,
Ning,达拉斯小鸡腿,https://www.xiaohongshu.com/user/profile/576d3bde82ec3952ff40c5e1?xsec_token=ABoIYWVOdE0WPH4xdZZ8PlPI6Nroz4DEqZXkCFi2OW9ow=&xsec_source=pc_search,576d3bde82ec3952ff40c5e1,"慢慢了解世界，慢慢更新自己
吃喝玩乐+宝宝们，随心分享
佛系更新中～比心🫰",,女,837.0,1653.0,11636,美国,['美国' '探店博主'],,,,,,,,,,,,,,,
Ning,诶哟 Z,https://www.xiaohongshu.com/user/profile/54d82c482e1d9366ebfc8ce5?xsec_token=ABE21ZO1kkLSJjXVijLysa1IPGmh7ixoOMa3uCXnIUAaI=&xsec_source=pc_search,66fed8fd000000002a036bfa,深爱旅游打卡探店的药剂师一枚,,F,456.0,1355.0,43000,,美国,,,,,,,,,,,,,,,
Ning,Sherry是睿睿呀,https://www.xiaohongshu.com/user/profile/5649379603eb842b7ed00477?xsec_token=AB_w5tX7QDKDqxDirwjUrIWLT3e7tIZgwd2k8ycIiZJUs=&xsec_source=pc_search,5649379603eb842b7ed00477,"北美生活探店| Chinese Girl in Dallas TX
吃喝玩乐样样行 | 坐标达拉斯 | Let's making friends",,女,1173.0,1326.0,28064,美国,['UnitedStates' '美食博主'],,,,,,,,,,,,,,,
Ning,J Aoshima Beauty,https://www.xiaohongshu.com/user/profile/570b4b5a1c07df4cfd6ccbf0?xsec_token=ABfFffhEiMsuQiS2JOP_eWD_q5LCB4whqC7WDlFQm1gHk=&xsec_source=pc_search,570b4b5a1c07df4cfd6ccbf0,"🤷🏼‍♀️美甲美睫｜皮肤管理｜培训学徒
💅🏿 8765 stockard dr.frisco Tx 75034
私信不回",,女,2815.0,1105.0,7331,美国,['美国'],30,,,,44.16,96.59,,,,38.58,,,,,
Ning,達拉斯里長,https://www.xiaohongshu.com/user/profile/5d6a927e00000000010068b9?xsec_token=ABDcU83DOFK8OtEEH9vc6KuBbtD66dbuNl6NwKWCqRx_Q=&xsec_source=pc_search,5d6a927e00000000010068b9,"達拉斯，請多指教👋
在朝九晚五平淡生活中，
熱烈又燦爛的挖掘美好✨",,女,353.0,794.0,8149,美国,['UnitedStates...'],,,,,,,,,,,,,,,
Ning,喷嚏大魔怪,https://www.xiaohongshu.com/user/profile/60c7988c0000000001005e11?xsec_token=ABo4csva_swZOcpy5yKNq52J1nKiqMtp-AFiFjcnXUvXM=&xsec_source=pc_search,60c7988c0000000001005e11,一个人吃饭旅行到处走走停停（抱歉兄弟们，我只是喜欢分享适合单独出游的地点，有疑问我都会尽力回复，愿意跟我分享你们的兴趣爱好的话我也非常乐意了解。但是我原则上不交友，尤不喜闲聊。另，我自己开心极了）,,女,12.0,710.0,6159,美国,['UnitedStates'],,,,,,,,,,,,,,,
Ning,兔老板,https://www.xiaohongshu.com/user/profile/56ada7e482ec39541becb6ff?xsec_token=ABG1SEu6ubOH3YwwNxcXi0TybxxyvYqSTeW57u9SyxtBA=&xsec_source=pc_search,56ada7e482ec39541becb6ff,"我的爱消耗在许多美好的事物上
我不断为之燃烧
那些事物才光彩夺目",,女,928.0,543.0,4778,美国,['双子座' '美国得克萨斯' '料理博主'],,,,,,,,,,,,,,,
Ning,利娃呱不呱,https://www.xiaohongshu.com/user/profile/5c4e1c6b00000000110216f7?xsec_token=ABxWdTJ49TIgmstkTq0qKFGoJw4PgWjgklIGkWMjubL3A=&xsec_source=pc_search,5c4e1c6b00000000110216f7,"❻花里胡哨 利大无穷❻
🇨🇳成都 ➩ 重庆 ➩ 北京 ➩ 🇺🇸Dallas | 🌍旅行40+国家
🔢 数字游民 | 🧘身心灵修炼
706Dallas主理人 | 🤍 欢迎来一起玩",,F,403.0,428.0,6380,,美国,,,,,,,,,,,,,,,
Ning,年轻就要吃吃吃🍀,https://www.xiaohongshu.com/user/profile/5d34030d0000000011005892?xsec_token=ABryrmGucljSioAuGXn7YBBSHa6b08gaWXGDE38aP1Lrs=&xsec_source=pc_search,5d34030d0000000011005892,随便记录😇,,女,106.0,389.0,8270,美国,[],,,,,,,,,,,,,,,
Ning,是阿点啊,https://www.xiaohongshu.com/user/profile/5fa04c2c0000000001007566?xsec_token=ABBAVnG2XOCCJ92Jtfc-CA2Oprvud5yzbCrmP6E0oWR00=&xsec_source=pc_search,5fa04c2c0000000001007566,还没有简介,,女,131.0,335.0,3089,美国,[],,,,,,,,,,,,,,,
Ning,长腿汉堡包🍔,https://www.xiaohongshu.com/user/profile/5ab249e04eacab0790fb78b3?xsec_token=AB_aBJVWtaE3ZaxT55hwLChVCS2JqQtAofmA7cDRsnixQ=&xsec_source=pc_search,5ab249e04eacab0790fb78b3,长腿汉堡包正在达拉斯狂奔,,女,1597.0,308.0,5259,美国,['双鱼座'],,,,,,,,,,,,,,,
Ning,达拉斯藤井树,https://www.xiaohongshu.com/user/profile/5801c70f6a6a697bad62b653?xsec_token=ABANjQ9EOPPPWq4br6tKBzkPCFXYWf3zNJ_m9b4IALm7A=&xsec_source=pc_search,5801c70f6a6a697bad62b653,"达拉斯小吃货一枚
分享美好的生活~~~",,女,265.0,306.0,3085,美国,['美国'],,,,,,,,,,,,,,,
Ning,小温柔Sylvia,https://www.xiaohongshu.com/user/profile/58b325ce50c4b442ae017a30?xsec_token=ABM8yc5zw6PA1yR5WN9e1PbYejD4g6T8KZXOj6_95NfEs=&xsec_source=pc_search,58b325ce50c4b442ae017a30,"北京🇨🇳→ 达拉斯🇺🇸
163cm ♋巨蟹座 乐观开朗 
IG: sylviviishere
探店 | 美食 |  旅游 | 爱用好物
热爱旅游、生活、小动物，喜欢尝试新鲜事物",,女,961.0,304.0,10699,美国,['北京海淀'],,,,,,,,,,,,,,,
Ning,留大聪明,https://www.xiaohongshu.com/user/profile/5a737fe211be1032dfeccbdf?xsec_token=ABxeQ3XxIo8bVeTEyQ3jzWEEyoVsarCDjG0StpWbdrerM=&xsec_source=pc_search,5a737fe211be1032dfeccbdf,德州达拉斯 · 女博士 · 美国信用局高级数据科学家,,女,334.0,287.0,2962,美国,['UnitedStates'],,,,,,,,,,,,,,,
Ning,🐈小乔吃喝玩乐,https://www.xiaohongshu.com/user/profile/592463636a6a696f6fa9c1c1?xsec_token=ABDiMgOTscxN8NnAt04jqWOERxSPxJlkHCLqvd9uXpNAQ=&xsec_source=pc_search,592463636a6a696f6fa9c1c1,小乔皮娃一枚｜坐标达拉斯｜分享各种带娃吃喝玩乐｜家中无猫却是猫奴,,女,330.0,283.0,5031,美国,['探店博主'],,,,,,,,,,,,,,,
Ning,茄茄公主 🍆,https://www.xiaohongshu.com/user/profile/5c0c067c0000000005022f0a?xsec_token=ABgwqZM-6jwfcEk6IVSTDAZsLeNpEDrGE2QgDQDKU9PLo=&xsec_source=pc_search,5c0c067c0000000005022f0a,坐标 达拉斯 美国🇺🇸 来美14 年 家庭成员： 三只毛小孩🐶 喜欢旅游 和探索各地美食🥰,,女,251.0,258.0,3607,美国,['35岁' 'UnitedStates'],,,,,,,,,,,,,,,
Ning,养龙猫的馋嘴月兔,https://www.xiaohongshu.com/user/profile/623d476a000000001000b343?xsec_token=ABLM5x2MxajXTsf9MA0rxJHBb0reK6u_26JuJbk4O08Ew=&xsec_source=pc_search,623d476a000000001000b343,"期待认识可以一起疯，一起变胖的新朋友❤
日常+美食+旅游+萌宠
美食| 新店?我已经在了 减肥?美食当前明天吧
旅游| 我在机场等你
宠物| 我的心都化了 你要什么都给你",,女,532.0,189.0,2356,美国,['34岁' 'UnitedStates'],,,,,,,,,,,,,,,
Ning,朱迪日常,https://www.xiaohongshu.com/user/profile/663ab3fc0000000007005c31?xsec_token=ABAICIYo6NZAI5aRHjCcFqwEXC6QcWrKszIVGCdEIkFAs=&xsec_source=pc_search,663ab3fc0000000007005c31,"探店测评|好物分享
常驻Dalls TX ～",,,21.0,189.0,2478,美国,[],,,,,,,,,,,,,,,
Ning,且徐行,https://www.xiaohongshu.com/user/profile/626ec8020000000021021067?xsec_token=ABoU1RxhVAuszwSM7_JUw7u3HVs8-aFBGNLWGQDAbHNkE=&xsec_source=pc_search,626ec8020000000021021067,浪漫就是浪费时间慢慢走,,女,135.0,102.0,1372,美国,[],,,,,,,,,,,,,,,
Ning,KikiBitesandVibes,https://www.xiaohongshu.com/user/profile/606c83060000000001002c85?xsec_token=ABjpOWH3ZWEAO0928bq-z7vTHBsKXp_uDu2EW6G5TFnos=&xsec_source=pc_search,606c83060000000001002c85,"📍德州长大的吃货🇨🇳🇺🇸 
分享好吃跟好玩的😝
业余的美食家 🫶",,女,119.0,69.0,2336,美国,[],,,,,,,,,,,,,,,
Ning,安妮Annie,https://www.xiaohongshu.com/user/profile/564d4a9167bc65539cd768d4?xsec_token=ABpNjtXdGtAf0M77UIU96JFwbN2dDRBEDW3Omwga0KDEQ=&xsec_source=pc_search,564d4a9167bc65539cd768d4,Shanghai｜Dallas,,女,46.0,1116.0,3999,,['40岁' '美国'],,,,,,,,,,,,,,,
